justin-tucker,k
daniel-carlson,k
brett-maher,k
jason-myers,k
younghoe-koo,k
eddy-pineiro,k
nick-folk,k
tyler-bass,k
graham-gano,k
robbie-gould,k
riley-patterson,k
greg-zuerlein,k
chase-mclaughlin,k
brandon-mcmanus,k
jason-sanders,k
ryan-succop,k
matt-gay,k
greg-joseph,k
evan-mcpherson,k
ka-imi-fairbairn,k
jake-elliott,k
cade-york,k
mason-crosby,k
mike-badgley,k
joey-slye,k
wil-lutz,k
cairo-santos,k
harrison-butker,k
chris-boswell,k
cameron-dicker,k
randy-bullock,k
matthew-wright,k
dustin-hopkins,k
austin-seibert,k
matt-ammendola,k
rodrigo-blankenship,k
taylor-bertolet,k
caleb-shudak,k
nick-sciba,k
dominik-eberle,k
josh-lambo,k
elliott-fry,k
sam-ficken,k
zane-gonzalez,k
