josh-jacobs,rb
christian-mccaffrey,rb
derrick-henry,rb
austin-ekeler,rb
nick-chubb,rb
saquon-barkley,rb
jamaal-williams,rb
tony-pollard,rb
dalvin-cook,rb
miles-sanders,rb
aaron-jones,rb
najee-harris-x2665,rb
joe-mixon,rb
rhamondre-stevenson,rb
kenneth-walker-iii,rb
travis-etienne,rb
ezekiel-elliott,rb
alvin-kamara,rb
james-conner,rb
leonard-fournette,rb
david-montgomery,rb
tyler-allgeier,rb
d-andre-swift,rb
jerick-mckinnon,rb
devin-singletary,rb
a-j-dillon,rb
raheem-mostert,rb
jeff-wilson,rb
dameon-pierce,rb
cordarrelle-patterson,rb
cam-akers,rb
latavius-murray,rb
d-onta-foreman,rb
isiah-pacheco,rb
antonio-gibson-2,rb
jonathan-taylor,rb
khalil-herbert,rb
samaje-perine,rb
brian-robinson-x2673,rb
breece-hall,rb
kareem-hunt,rb
rachaad-white,rb
kenyan-drake,rb
james-cook-2,rb
michael-carter-3,rb
clyde-edwards-helaire,rb
james-robinson-3,rb
j-k-dobbins,rb
damien-harris,rb
chuba-hubbard,rb
alexander-mattison,rb
jaylen-warren,rb
kenneth-gainwell,rb
eno-benjamin,rb
melvin-gordon,rb
gus-edwards,rb
chase-edmonds,rb
darrell-henderson,rb
dontrell-hilliard,rb
deon-jackson,rb
zack-moss,rb
nyheim-hines,rb
joshua-kelley,rb
jamycal-hasty,rb
rashaad-penny,rb
bam-knight,rb
caleb-huntley,rb
boston-scott,rb
elijah-mitchell-2,rb
matt-breida,rb
justin-jackson,rb
kyle-juszczyk,rb
rex-burkhead,rb
mark-ingram,rb
raheem-blackshear,rb
ty-johnson,rb
marlon-mack,rb
deejay-dallas,rb
justice-hill,rb
ameer-abdullah,rb
j-d-mckissic,rb
dare-ogunbowale,rb
malik-davis,rb
travis-homer,rb
javonte-williams,rb
gary-brightwell,rb
alec-ingold,rb
craig-reynolds,rb
kyren-williams,rb
c-j-ham,rb
pierre-strong,rb
mike-boone,rb
jonathan-williams,rb
tevin-coleman,rb
brandon-bolden,rb
malcolm-brown,rb
darrel-williams,rb
corey-clement,rb
benny-snell,rb
sony-michel,rb
derek-watt,rb
ronald-jones,rb
hassan-haskins,rb
keaontay-ingram,rb
reggie-gilliam,rb
zander-horvath,rb
salvon-ahmed,rb
royce-freeman,rb
chris-evans,rb
darrynton-evans,rb
kene-nwangwu,rb
patrick-ricard,rb
phillip-lindsay,rb
jordan-wilkins,rb
tyler-badie,rb
jaret-patterson,rb
ke-shawn-vaughn,rb
trayveon-williams,rb
isaiah-spiller,rb
myles-gaskin,rb
julius-chestnut,rb