travis-kelce,te
george-kittle,te
taysom-hill,te
t-j-hockenson,te
mark-andrews,te
evan-engram,te
cole-kmet,te
juwan-johnson,te
dawson-knox,te
dallas-goedert,te
dalton-schultz,te
pat-freiermuth,te
david-njoku,te
gerald-everett,te
tyler-higbee,te
jordan-akins,te
tyler-conklin,te
noah-fant,te
zach-ertz,te
mike-gesicki,te
chigoziem-okonkwo,te
hunter-henry,te
robert-tonyan,te
darren-waller,te
austin-hooper,te
hayden-hurst,te
isaiah-likely,te
greg-dulcich,te
will-dissly,te
foster-moreau,te
cade-otton,te
jelani-woods,te
kyle-pitts,te
brock-wright,te
daniel-bellinger,te
colby-parkinson,te
noah-gray,te
mycole-pruitt,te
logan-thomas,te
c-j-uzomah,te
mo-alie-cox,te
tommy-tremble,te
trey-mcbride,te
harrison-bryant,te
irv-smith,te
kylen-granson,te
shane-zylstra,te
jake-ferguson,te
peyton-hendershot,te
josh-oliver,te
adam-trautman,te
o-j-howard,te
jonnu-smith,te
durham-smythe,te
connor-heyward,te
teagan-quitoriano,te
jody-fortson,te
eric-saubert,te
marcedes-lewis,te
johnny-mundt,te
mitchell-wilcox,te
eric-tomlinson,te
ian-thomas,te
donald-parham,te
cameron-brate,te
james-mitchell,te
john-bates,te
ross-dwelley,te
albert-okwuegbunam,te
ko-kieft,te
dan-arnold,te
tanner-hudson,te
zach-gentry,te
brevin-jordan,te
chris-myarick,te
quintin-morris,te
jack-stoll,te
geoff-swaim,te
pharaoh-brown,te
josiah-deguara,te
brycen-hopkins,te
anthony-firkser,te
giovanni-ricci,te
armani-rogers,te
parker-hesse,te
kyle-rudolph,te
grant-calcaterra,te
blake-bell,te
tre-mckitty,te
andrew-beck,te
tyler-mabry,te
tyler-kroft,te
nick-vannett,te
charlie-kolar,te
trevon-wesco,te
stephen-sullivan,te
chris-manhertz,te
luke-farrell,te
kendall-blanton,te
ryan-francis-griffin,te
tyler-davis-3,te
ben-ellefson,te
cole-turner,te
jesper-horsted,te
maxx-williams,te
stone-smartt,te
sean-mckeon,te
stephen-anderson,te
jeremy-ruckert,te
tommy-sweeney,te
jacob-harris,te
mason-schreck,te
devin-asiasi,te
richard-rodgers,te