justin-jefferson,wr
davante-adams,wr
tyreek-hill,wr
a-j-brown,wr
stefon-diggs,wr
ceedee-lamb,wr
jaylen-waddle,wr
amari-cooper,wr
amon-ra-st-brown,wr
devonta-smith,wr
christian-kirk,wr
ja-marr-chase,wr
tyler-lockett,wr
terry-mclaurin,wr
brandon-aiyuk,wr
mike-evans,wr
tee-higgins,wr
jerry-jeudy,wr
d-k-metcalf,wr
d-j-moore,wr
garrett-wilson,wr
cooper-kupp,wr
gabe-davis,wr
christian-watson,wr
chris-godwin,wr
michael-pittman-2,wr
tyler-boyd,wr
zay-jones,wr
allen-lazard,wr
george-pickens,wr
mike-williams,wr
jakobi-meyers,wr
deebo-samuel,wr
curtis-samuel,wr
adam-thielen,wr
juju-smith-schuster,wr
donovan-peoples-jones,wr
keenan-allen,wr
josh-palmer,wr
mack-hollins,wr
k-j-osborn,wr
jahan-dotson,wr
courtland-sutton,wr
diontae-johnson,wr
marquise-brown,wr
brandin-cooks,wr
deandre-hopkins,wr
parris-campbell,wr
darius-slayton,wr
marquez-valdes-scantling,wr
devin-duvernay,wr
isaiah-mckenzie,wr
richie-james,wr
russell-gage,wr
rashid-shaheed,wr
noah-brown,wr
marvin-jones,wr
olamide-zaccheaus,wr
kalif-raymond,wr
mecole-hardman,wr
d-j-chark,wr
chris-moore,wr
deandre-carter,wr
josh-reynolds,wr
corey-davis,wr
marquise-goodwin,wr
robert-woods,wr
darnell-mooney,wr
greg-dortch,wr
romeo-doubs,wr
chase-claypool,wr
demarcus-robinson,wr
treylon-burks,wr
van-jefferson,wr
trent-sherfield,wr
kendrick-bourne,wr
allen-robinson,wr
quez-watkins,wr
elijah-moore,wr
jamal-agnew,wr
trenton-irwin,wr
randall-cobb,wr
rondale-moore,wr
julio-jones,wr
dante-pettis,wr
ben-skowronek,wr
tutu-atwell,wr
tyquan-thornton,wr
nelson-agholor,wr
justin-watson,wr
hunter-renfrow,wr
kadarius-toney,wr
braxton-berrios,wr
shi-smith,wr
damiere-byrd,wr
a-j-green,wr
jarvis-landry,wr
michael-thomas,wr
tre-quan-smith,wr
kendall-hinton,wr
robbie-anderson,wr
phillip-dorsett,wr
sammy-watkins,wr
wan-dale-robinson,wr